,vac_id,vac_name,city,published_at,archived,experience,url,employer_id,schedule_name,employment_name,prof_role
0,122521980,Младший аналитик данных,1,2025-07-08T12:02:54+0300,False,От 1 года до 3 лет,https://hh.ru/vacancy/122521980,88618,Удаленная работа,Полная занятость,Аналитик
1,122540411,Аналитик данных,2,2025-07-08T16:42:47+0300,False,От 3 до 6 лет,https://hh.ru/vacancy/122540411,4334427,Полный день,Полная занятость,"BI-аналитик, аналитик данных"
2,121091720,Intern Data Analyst / Стажер - аналитик данных,1,2025-07-08T10:24:56+0300,False,Нет опыта,https://hh.ru/vacancy/121091720,4949,Полный день,Полная занятость,"BI-аналитик, аналитик данных"
3,122289965,Аналитик данных,2,2025-07-08T09:37:00+0300,False,От 1 года до 3 лет,https://hh.ru/vacancy/122289965,2638816,Полный день,Полная занятость,"BI-аналитик, аналитик данных"
4,122501166,Аналитик данных,1,2025-07-07T23:58:31+0300,False,От 1 года до 3 лет,https://hh.ru/vacancy/122501166,5583220,Удаленная работа,Полная занятость,"BI-аналитик, аналитик данных"
5,122450018,"Аналитик данных (Power Bi, SQL, Python)",1,2025-07-07T08:49:02+0300,False,От 1 года до 3 лет,https://hh.ru/vacancy/122450018,1101325,Полный день,Полная занятость,"BI-аналитик, аналитик данных"
6,122501699,Аналитик данных,22,2025-07-08T03:05:56+0300,False,От 1 года до 3 лет,https://hh.ru/vacancy/122501699,5920492,Полный день,Полная занятость,Бизнес-аналитик
7,119299988,Аналитик данных/Data Analyst,2,2025-07-06T17:55:05+0300,False,От 1 года до 3 лет,https://hh.ru/vacancy/119299988,114223,Полный день,Полная занятость,Бизнес-аналитик
8,122448160,Аналитик данных,88,2025-07-07T08:09:29+0300,False,От 1 года до 3 лет,https://hh.ru/vacancy/122448160,15848,Полный день,Полная занятость,Аналитик
9,122366957,Аналитик данных,2,2025-07-06T17:26:10+0300,False,От 1 года до 3 лет,https://hh.ru/vacancy/122366957,1065781,Полный день,Полная занятость,"BI-аналитик, аналитик данных"
10,122502914,Аналитик данных,54,2025-07-08T06:09:44+0300,False,От 1 года до 3 лет,https://hh.ru/vacancy/122502914,3415260,Полный день,Полная занятость,"BI-аналитик, аналитик данных"
11,122184142,Аналитик данных,176,2025-07-06T09:16:30+0300,False,Нет опыта,https://hh.ru/vacancy/122184142,3558310,Полный день,Полная занятость,"BI-аналитик, аналитик данных"
12,122469452,Аналитик данных,1,2025-07-07T12:50:39+0300,False,От 1 года до 3 лет,https://hh.ru/vacancy/122469452,11250766,Полный день,Полная занятость,"BI-аналитик, аналитик данных"
13,122467156,Аналитик данных,1,2025-07-07T12:15:58+0300,False,От 1 года до 3 лет,https://hh.ru/vacancy/122467156,8898496,Полный день,Полная занятость,"BI-аналитик, аналитик данных"
14,121565524,Младший аналитик данных,2,2025-07-07T09:40:34+0300,False,От 1 года до 3 лет,https://hh.ru/vacancy/121565524,2190230,Удаленная работа,Полная занятость,"BI-аналитик, аналитик данных"
15,122379519,Специалист по работе с базой данных и аналитике,1,2025-07-07T09:51:01+0300,False,От 1 года до 3 лет,https://hh.ru/vacancy/122379519,1026046,Полный день,Полная занятость,Аналитик
16,121016087,Аналитик данных,26,2025-07-08T08:44:23+0300,False,Нет опыта,https://hh.ru/vacancy/121016087,1495025,Полный день,Полная занятость,"BI-аналитик, аналитик данных"
17,121062906,Бизнес-аналитик / Аналитик данных,2,2025-07-08T13:46:21+0300,False,От 1 года до 3 лет,https://hh.ru/vacancy/121062906,3783,Полный день,Полная занятость,Аналитик
18,121602171,Аналитик данных,1002,2025-07-06T09:42:43+0300,False,От 1 года до 3 лет,https://hh.ru/vacancy/121602171,775340,Полный день,Полная занятость,"BI-аналитик, аналитик данных"
19,121787696,Аналитик данных,1,2025-07-07T09:23:58+0300,False,От 1 года до 3 лет,https://hh.ru/vacancy/121787696,579,Полный день,Полная занятость,"BI-аналитик, аналитик данных"
20,118704325,Аналитик данных (Data Analyst),1,2025-07-08T16:53:39+0300,False,Нет опыта,https://hh.ru/vacancy/118704325,80981,Полный день,Полная занятость,"BI-аналитик, аналитик данных"
21,122540522,Аналитик данных / Продуктовый аналитик,1,2025-07-08T16:45:00+0300,False,От 3 до 6 лет,https://hh.ru/vacancy/122540522,3529,Полный день,Полная занятость,Аналитик
22,121820454,Аналитик данных,1641,2025-07-07T09:29:22+0300,False,От 1 года до 3 лет,https://hh.ru/vacancy/121820454,1822182,Полный день,Полная занятость,"BI-аналитик, аналитик данных"
23,122512526,Стажер/Аналитик данных (интернет-маркетинг),47,2025-07-08T10:05:21+0300,False,Нет опыта,https://hh.ru/vacancy/122512526,2395511,Полный день,Полная занятость,"BI-аналитик, аналитик данных"
24,119477141,Аналитик данных,3,2025-07-06T15:48:40+0300,False,От 1 года до 3 лет,https://hh.ru/vacancy/119477141,4431221,Полный день,Полная занятость,Аналитик
25,122053266,Аналитик данных,2,2025-07-07T11:42:40+0300,False,От 1 года до 3 лет,https://hh.ru/vacancy/122053266,2484910,Полный день,Полная занятость,Аналитик
26,121907820,Аналитик базы данных,2759,2025-07-08T15:45:10+0300,False,От 1 года до 3 лет,https://hh.ru/vacancy/121907820,5901176,Полный день,Полная занятость,"BI-аналитик, аналитик данных"
27,122366818,"Аналитик финансовых данных (BI, финансы, SQL)",1,2025-07-06T17:24:10+0300,False,От 3 до 6 лет,https://hh.ru/vacancy/122366818,3120634,Полный день,Полная занятость,"BI-аналитик, аналитик данных"
28,121661463,Аналитик данных,22,2025-07-04T09:56:08+0300,False,От 1 года до 3 лет,https://hh.ru/vacancy/121661463,5920492,Полный день,Полная занятость,"BI-аналитик, аналитик данных"
29,121544758,BI-аналитик/ аналитик данных,1,2025-07-07T18:34:19+0300,False,От 1 года до 3 лет,https://hh.ru/vacancy/121544758,1853234,Полный день,Полная занятость,"BI-аналитик, аналитик данных"
30,121535877,Аналитик данных (с документами),106,2025-07-08T03:03:53+0300,False,Нет опыта,https://hh.ru/vacancy/121535877,11152959,Полный день,Полная занятость,Другое
31,121558052,Аналитик данных,1,2025-07-08T13:12:40+0300,False,От 1 года до 3 лет,https://hh.ru/vacancy/121558052,2613464,Полный день,Полная занятость,"BI-аналитик, аналитик данных"
32,120718987,Младший аналитик данных,1,2025-07-08T10:17:26+0300,False,От 1 года до 3 лет,https://hh.ru/vacancy/120718987,654795,Полный день,Полная занятость,Аналитик
33,122448635,Аналитик данных,22,2025-07-07T08:21:57+0300,False,От 1 года до 3 лет,https://hh.ru/vacancy/122448635,668189,Полный день,Полная занятость,"BI-аналитик, аналитик данных"
34,122546286,Разработчик / Аналитик базы данных,1,2025-07-08T20:31:11+0300,False,От 1 года до 3 лет,https://hh.ru/vacancy/122546286,11491099,Полный день,Полная занятость,"BI-аналитик, аналитик данных"
35,121084720,Аналитик данных,66,2025-07-08T12:33:24+0300,False,От 1 года до 3 лет,https://hh.ru/vacancy/121084720,562595,Полный день,Полная занятость,Другое
36,122277826,Аналитик данных,3,2025-07-01T19:11:43+0300,False,От 1 года до 3 лет,https://hh.ru/vacancy/122277826,40493,Полный день,Полная занятость,Аналитик
37,122079478,Аналитик данных (Data Analyst),4,2025-07-08T08:44:28+0300,False,От 1 года до 3 лет,https://hh.ru/vacancy/122079478,1140,Полный день,Полная занятость,"BI-аналитик, аналитик данных"
38,122249561,Аналитик данных,1,2025-07-01T12:39:43+0300,False,Нет опыта,https://hh.ru/vacancy/122249561,160621,Полный день,Полная занятость,"BI-аналитик, аналитик данных"
39,122410563,Аналитик по качеству данных,1,2025-07-04T13:38:58+0300,False,От 1 года до 3 лет,https://hh.ru/vacancy/122410563,4560468,Полный день,Полная занятость,"BI-аналитик, аналитик данных"
40,119722523,Аналитик данных (Excel),2,2025-07-07T08:17:41+0300,False,От 1 года до 3 лет,https://hh.ru/vacancy/119722523,3288380,Полный день,Полная занятость,Системный аналитик
41,121754113,Оператор базы данных в департамент аналитики,1,2025-07-08T14:41:15+0300,False,От 1 года до 3 лет,https://hh.ru/vacancy/121754113,245,Полный день,Полная занятость,"Оператор ПК, оператор базы данных"
42,119722522,Аналитик данных (Excel),5459,2025-07-07T08:17:41+0300,False,От 1 года до 3 лет,https://hh.ru/vacancy/119722522,3288380,Полный день,Полная занятость,Системный аналитик
43,122287669,"Аналитик данных ( маркетплейсы UZUM, Яндекс Маркет )",2759,2025-07-02T08:57:18+0300,False,От 1 года до 3 лет,https://hh.ru/vacancy/122287669,9935925,Полный день,Полная занятость,"BI-аналитик, аналитик данных"
44,122514028,Аналитик данных,1159,2025-07-08T10:22:19+0300,False,Нет опыта,https://hh.ru/vacancy/122514028,136475,Полный день,Полная занятость,Аналитик
45,117907516,Аналитик данных,2034,2025-07-08T11:57:45+0300,False,От 1 года до 3 лет,https://hh.ru/vacancy/117907516,4225697,Полный день,Полная занятость,Аналитик
46,122292021,Аналитик данных продаж на маркетплейсах / BI-аналитик,49,2025-07-02T10:04:08+0300,False,Нет опыта,https://hh.ru/vacancy/122292021,3101919,Полный день,Полная занятость,Аналитик
47,120525976,Аналитик данных,58,2025-07-01T17:05:21+0300,False,От 1 года до 3 лет,https://hh.ru/vacancy/120525976,1480469,Полный день,Полная занятость,"BI-аналитик, аналитик данных"
48,121128765,Аналитик данных,88,2025-07-03T11:12:58+0300,False,От 1 года до 3 лет,https://hh.ru/vacancy/121128765,47939,Полный день,Полная занятость,"BI-аналитик, аналитик данных"
49,119722524,Аналитик данных (Excel),1,2025-07-07T08:17:41+0300,False,От 1 года до 3 лет,https://hh.ru/vacancy/119722524,3288380,Полный день,Полная занятость,Системный аналитик
50,121555228,Аналитик данных,92,2025-07-03T08:11:24+0300,False,От 1 года до 3 лет,https://hh.ru/vacancy/121555228,3156187,Полный день,Полная занятость,"BI-аналитик, аналитик данных"
51,120719059,Аналитик данных,1,2025-07-08T10:17:26+0300,False,От 1 года до 3 лет,https://hh.ru/vacancy/120719059,654795,Полный день,Полная занятость,"BI-аналитик, аналитик данных"
52,122379433,Аналитик данных,1,2025-07-04T09:49:26+0300,False,От 1 года до 3 лет,https://hh.ru/vacancy/122379433,1705975,Полный день,Полная занятость,"BI-аналитик, аналитик данных"
53,121218864,Ведущий аналитик данных,47,2025-07-01T11:21:36+0300,False,От 1 года до 3 лет,https://hh.ru/vacancy/121218864,9476,Полный день,Полная занятость,"BI-аналитик, аналитик данных"
54,117907517,Аналитик данных,1,2025-07-06T10:57:40+0300,False,От 1 года до 3 лет,https://hh.ru/vacancy/117907517,4225697,Полный день,Полная занятость,Аналитик
55,121263893,Аналитик базы данных,90,2025-07-03T09:08:21+0300,False,От 1 года до 3 лет,https://hh.ru/vacancy/121263893,1788334,Полный день,Полная занятость,Аналитик
56,122142545,Аналитик данных / SQL разработчик,2760,2025-07-06T12:46:31+0300,False,От 3 до 6 лет,https://hh.ru/vacancy/122142545,9677714,Полный день,Полная занятость,"BI-аналитик, аналитик данных"
57,122247237,Младший аналитик данных,1,2025-07-01T12:03:11+0300,False,От 1 года до 3 лет,https://hh.ru/vacancy/122247237,798,Полный день,Полная занятость,"BI-аналитик, аналитик данных"
58,122226967,Аналитик данных внутритрубной диагностики,2037,2025-07-01T05:55:25+0300,False,Нет опыта,https://hh.ru/vacancy/122226967,3403687,Полный день,Полная занятость,Аналитик
59,122414381,BI - аналитик/аналитик данных,1,2025-07-07T15:45:56+0300,False,От 1 года до 3 лет,https://hh.ru/vacancy/122414381,5951038,Полный день,Полная занятость,Аналитик
60,122424961,Аналитик данных (1С:WMS),1,2025-07-04T15:58:23+0300,False,От 3 до 6 лет,https://hh.ru/vacancy/122424961,15909,Удаленная работа,Полная занятость,Аналитик
61,121349904,Аналитик данных,1,2025-06-30T12:36:44+0300,False,От 1 года до 3 лет,https://hh.ru/vacancy/121349904,8892807,Полный день,Полная занятость,"BI-аналитик, аналитик данных"
62,122147910,Аналитик данных,1,2025-06-27T14:12:38+0300,False,От 1 года до 3 лет,https://hh.ru/vacancy/122147910,1323852,Полный день,Полная занятость,Аналитик
63,122283003,"Data Analyst/Аналитик данных (PostgreSQL, Python)",68,2025-07-02T07:21:04+0300,False,От 1 года до 3 лет,https://hh.ru/vacancy/122283003,3529,Полный день,Полная занятость,"Программист, разработчик"
64,120865772,Младший аналитик данных,2,2025-06-24T16:59:10+0300,False,Нет опыта,https://hh.ru/vacancy/120865772,4138182,Удаленная работа,Полная занятость,"BI-аналитик, аналитик данных"
65,117018633,Аналитик данных / Data Analyst,1,2025-07-04T17:28:03+0300,False,От 1 года до 3 лет,https://hh.ru/vacancy/117018633,5951038,Полный день,Полная занятость,Аналитик
66,122147995,Аналитик данных,1002,2025-06-27T14:13:28+0300,False,От 1 года до 3 лет,https://hh.ru/vacancy/122147995,687306,Полный день,Полная занятость,Аналитик
67,122159353,Аналитик данных,1,2025-07-01T14:41:07+0300,False,От 3 до 6 лет,https://hh.ru/vacancy/122159353,4736841,Полный день,Полная занятость,"BI-аналитик, аналитик данных"
68,122468046,"Аналитик, администратор баз данных 1С",2,2025-07-07T12:29:08+0300,False,От 1 года до 3 лет,https://hh.ru/vacancy/122468046,10367942,Полный день,Полная занятость,Системный администратор
69,121523110,Аналитик данных,1,2025-07-02T09:41:09+0300,False,От 1 года до 3 лет,https://hh.ru/vacancy/121523110,1120939,Полный день,Полная занятость,Бухгалтер
70,122359038,Оператор - аналитик данных для торговой компаний (продукция алкоголь),205,2025-07-03T15:07:46+0300,False,От 1 года до 3 лет,https://hh.ru/vacancy/122359038,9401048,Полный день,Полная занятость,"Менеджер по маркетингу, интернет-маркетолог"
71,122397055,Аналитик данных IVR,1400,2025-07-04T12:11:00+0300,False,От 1 года до 3 лет,https://hh.ru/vacancy/122397055,10955618,Полный день,Полная занятость,"Программист, разработчик"
72,122141574,Маркетинговый аналитик | Аналитик данных,1,2025-07-07T18:08:27+0300,False,От 1 года до 3 лет,https://hh.ru/vacancy/122141574,3821828,Удаленная работа,Полная занятость,"BI-аналитик, аналитик данных"
73,122259472,Аналитик данных,1,2025-07-01T15:13:23+0300,False,От 1 года до 3 лет,https://hh.ru/vacancy/122259472,3972027,Полный день,Полная занятость,"BI-аналитик, аналитик данных"
74,122424910,Аналитик данных (1С:WMS),56,2025-07-04T15:57:20+0300,False,От 3 до 6 лет,https://hh.ru/vacancy/122424910,15909,Удаленная работа,Полная занятость,Аналитик
75,122211877,Аналитик данных,76,2025-06-30T15:09:00+0300,False,От 1 года до 3 лет,https://hh.ru/vacancy/122211877,3529,Полный день,Полная занятость,Финансовый менеджер
76,122006200,Стажер (направление - аналитика данных),1,2025-06-24T13:33:56+0300,False,От 1 года до 3 лет,https://hh.ru/vacancy/122006200,895945,Удаленная работа,Полная занятость,"BI-аналитик, аналитик данных"
77,118971763,Аналитик данных по омниканальной логистике,2020,2025-07-04T15:41:13+0300,False,От 1 года до 3 лет,https://hh.ru/vacancy/118971763,2343,Полный день,Полная занятость,Аналитик
78,121987787,Аналитик данных,19,2025-06-24T09:39:55+0300,False,Нет опыта,https://hh.ru/vacancy/121987787,12088073,Полный день,Полная занятость,"BI-аналитик, аналитик данных"
79,122136104,Аналитик данных,4,2025-06-27T10:56:49+0300,False,От 1 года до 3 лет,https://hh.ru/vacancy/122136104,5577496,Полный день,Полная занятость,Системный аналитик
80,119249072,"Аналитик данных, Power BI, производственное планирование и отчетность",1,2025-07-04T16:07:28+0300,False,От 1 года до 3 лет,https://hh.ru/vacancy/119249072,2992493,Полный день,Полная занятость,Начальник производства
81,122048441,Аналитик данных (автоматизация),4,2025-06-25T12:11:37+0300,False,От 1 года до 3 лет,https://hh.ru/vacancy/122048441,798,Полный день,Полная занятость,Аналитик
82,122035915,Аналитик данных Excel,2,2025-06-25T09:34:39+0300,False,От 1 года до 3 лет,https://hh.ru/vacancy/122035915,29413,Полный день,Полная занятость,"BI-аналитик, аналитик данных"
83,121301341,Аналитик продаж / Аналитик данных (Junior),1,2025-06-23T08:54:25+0300,False,От 1 года до 3 лет,https://hh.ru/vacancy/121301341,4431748,Полный день,Полная занятость,"BI-аналитик, аналитик данных"
84,121937300,Аналитик данных,88,2025-06-23T10:57:50+0300,False,Нет опыта,https://hh.ru/vacancy/121937300,618292,Полный день,Полная занятость,"BI-аналитик, аналитик данных"
85,121940220,Аналитик данных,160,2025-06-23T11:35:48+0300,False,От 1 года до 3 лет,https://hh.ru/vacancy/121940220,3690317,Полный день,Полная занятость,"BI-аналитик, аналитик данных"
86,121875859,Младший аналитик данных,1,2025-06-20T10:54:14+0300,False,От 1 года до 3 лет,https://hh.ru/vacancy/121875859,4561908,Полный день,Полная занятость,"BI-аналитик, аналитик данных"
87,122110609,"Аналитик (проверка качества данных, визуализация)",1,2025-06-26T16:53:37+0300,False,От 1 года до 3 лет,https://hh.ru/vacancy/122110609,1825,Полный день,Полная занятость,"BI-аналитик, аналитик данных"
88,120328434,Аналитик данных (Вьетнам),1,2025-07-01T14:19:41+0300,False,От 1 года до 3 лет,https://hh.ru/vacancy/120328434,180028,Полный день,Полная занятость,"BI-аналитик, аналитик данных"
89,121999606,Стажер Аналитик данных,1,2025-06-24T12:04:40+0300,False,Нет опыта,https://hh.ru/vacancy/121999606,895945,Полный день,Полная занятость,"BI-аналитик, аналитик данных"
90,121036865,Аналитик данных,1,2025-06-23T11:35:22+0300,False,От 3 до 6 лет,https://hh.ru/vacancy/121036865,1185332,Полный день,Полная занятость,"BI-аналитик, аналитик данных"
91,122253849,Аналитик баз данных | Junior DBA,2,2025-07-01T13:50:04+0300,False,От 1 года до 3 лет,https://hh.ru/vacancy/122253849,3029476,Полный день,Полная занятость,DevOps-инженер
92,122108988,Аналитик баз данных,1,2025-06-26T16:21:23+0300,False,От 1 года до 3 лет,https://hh.ru/vacancy/122108988,15970,Полный день,Полная занятость,"BI-аналитик, аналитик данных"
93,122467536,Руководитель платформы данных и аналитики / Chief Data Officer,66,2025-07-07T12:21:08+0300,False,Более 6 лет,https://hh.ru/vacancy/122467536,1457854,Удаленная работа,Полная занятость,Руководитель отдела аналитики
94,119215433,Аналитик баз данных по потребности и обороту лекарственных препаратов в субъектах РФ,1,2025-06-23T14:16:54+0300,False,Нет опыта,https://hh.ru/vacancy/119215433,3263828,Полный день,Полная занятость,Другое
95,122227015,Аналитик данных внутритрубной диагностики (Луховицы),2033,2025-07-01T05:58:07+0300,False,Нет опыта,https://hh.ru/vacancy/122227015,3403687,Полный день,Полная занятость,"BI-аналитик, аналитик данных"
96,121097149,Аналитик данных IVR,1390,2025-05-28T17:22:00+0300,True,От 1 года до 3 лет,https://hh.ru/vacancy/121097149,10955618,Полный день,Полная занятость,"Финансовый аналитик, инвестиционный аналитик"
97,120892345,Аналитик данных,1641,2025-06-20T16:17:48+0300,False,Нет опыта,https://hh.ru/vacancy/120892345,1223472,Полный день,Полная занятость,"BI-аналитик, аналитик данных"
98,121327339,Аналитик-контролер ввода данных в 1С УПП,2,2025-07-04T11:06:29+0300,False,От 1 года до 3 лет,https://hh.ru/vacancy/121327339,2956569,Полный день,Полная занятость,"Оператор ПК, оператор базы данных"
99,122099930,Аналитик данных,70,2025-06-26T13:48:38+0300,False,От 1 года до 3 лет,https://hh.ru/vacancy/122099930,1078425,Полный день,Полная занятость,"BI-аналитик, аналитик данных"
100,121720203,Аналитик данных,1,2025-06-17T10:41:20+0300,False,Нет опыта,https://hh.ru/vacancy/121720203,8969815,Полный день,Полная занятость,Аналитик
101,122256428,Старший аналитик баз данных (продажи),1,2025-07-01T14:27:17+0300,False,От 3 до 6 лет,https://hh.ru/vacancy/122256428,160621,Полный день,Полная занятость,"BI-аналитик, аналитик данных"
102,122517388,Методист по разработке и аналитике данных (г. Сосновый Бор),2,2025-07-08T11:07:25+0300,False,От 1 года до 3 лет,https://hh.ru/vacancy/122517388,9630573,Полный день,Полная занятость,"BI-аналитик, аналитик данных"
103,121778856,Аналитик данных,1,2025-06-18T11:21:11+0300,False,От 1 года до 3 лет,https://hh.ru/vacancy/121778856,3600774,Удаленная работа,Полная занятость,"BI-аналитик, аналитик данных"
104,122227041,Аналитик данных внутритрубной диагностики (Луховицы),77,2025-07-01T06:00:27+0300,False,Нет опыта,https://hh.ru/vacancy/122227041,3403687,Полный день,Полная занятость,"BI-аналитик, аналитик данных"
105,121829972,Аналитик данных,1,2025-06-19T11:29:55+0300,False,От 1 года до 3 лет,https://hh.ru/vacancy/121829972,734226,Полный день,Полная занятость,"BI-аналитик, аналитик данных"
106,122071288,Аналитик данных,26,2025-06-25T19:27:00+0300,False,От 1 года до 3 лет,https://hh.ru/vacancy/122071288,3529,Полный день,Полная занятость,Аналитик
107,119031609,Старший аналитик данных / разработчик SQL,1,2025-06-30T15:16:13+0300,False,От 3 до 6 лет,https://hh.ru/vacancy/119031609,1230328,Полный день,Полная занятость,"BI-аналитик, аналитик данных"
108,121678022,Аналитик данных,1,2025-06-30T11:27:52+0300,False,От 1 года до 3 лет,https://hh.ru/vacancy/121678022,665467,Полный день,Полная занятость,"BI-аналитик, аналитик данных"
109,119006071,Аналитик данных по омниканальной логистике,1,2025-06-30T12:34:08+0300,False,От 1 года до 3 лет,https://hh.ru/vacancy/119006071,2343,Полный день,Полная занятость,Аналитик
110,122429339,"Аналитик 1с / миграция анализ учёт и хранение данных в 1с, Битрикс24, Озон, Вб, Ямаркет, Авито",2,2025-07-04T17:31:30+0300,False,От 3 до 6 лет,https://hh.ru/vacancy/122429339,1217056,Удаленная работа,Полная занятость,Другое
111,121087270,Руководитель управления аналитики данных и автоматизации бизнес-процессов,53,2025-06-25T20:27:17+0300,False,От 3 до 6 лет,https://hh.ru/vacancy/121087270,11564085,Полный день,Полная занятость,Руководитель отдела аналитики
112,121568156,Аналитик данных,1,2025-06-11T15:57:40+0300,False,От 1 года до 3 лет,https://hh.ru/vacancy/121568156,1816713,Полный день,Полная занятость,"BI-аналитик, аналитик данных"
113,122221440,"Процессный аналитик (в сфере землепользования, пространственных данных)",1,2025-06-30T17:46:04+0300,False,От 1 года до 3 лет,https://hh.ru/vacancy/122221440,9613936,Полный день,Полная занятость,Другое
114,122006670,Аналитик данных Junior+,88,2025-06-24T13:42:13+0300,False,От 1 года до 3 лет,https://hh.ru/vacancy/122006670,2392023,Полный день,Полная занятость,"BI-аналитик, аналитик данных"
115,120942113,Аналитик данных,22,2025-06-24T03:21:21+0300,False,От 1 года до 3 лет,https://hh.ru/vacancy/120942113,4984719,Полный день,Полная занятость,"Программист, разработчик"
116,121532912,Аналитик данных СТЕК ЖКХ,24,2025-06-10T18:29:36+0300,False,Нет опыта,https://hh.ru/vacancy/121532912,1588948,Полный день,Полная занятость,Другое
117,118117884,Аналитик данных,70,2025-06-20T12:47:43+0300,False,Нет опыта,https://hh.ru/vacancy/118117884,1191638,Полный день,Полная занятость,"BI-аналитик, аналитик данных"
118,120316461,Системный аналитик данных,107,2025-06-26T15:02:15+0300,False,От 1 года до 3 лет,https://hh.ru/vacancy/120316461,1121474,Полный день,Полная занятость,Аналитик
119,118899452,Менеджер по бюджетированию и аналитике данных,2,2025-06-25T08:33:14+0300,False,От 1 года до 3 лет,https://hh.ru/vacancy/118899452,2763991,Полный день,Полная занятость,Экономист
120,121629970,Аналитик данных,12,2025-06-15T06:19:45+0300,False,От 1 года до 3 лет,https://hh.ru/vacancy/121629970,12071212,Полный день,Полная занятость,"BI-аналитик, аналитик данных"
121,122048194,Аналитик данных (автоматизация),1,2025-06-25T12:08:35+0300,False,От 1 года до 3 лет,https://hh.ru/vacancy/122048194,798,Полный день,Полная занятость,Бизнес-аналитик
122,120231438,"Аналитик данных по кредитным заявкам (без поиска клиентов, без продаж)",88,2025-07-01T12:28:34+0300,False,Нет опыта,https://hh.ru/vacancy/120231438,7944,Полный день,Полная занятость,Другое
123,121533983,Аналитик данных,1,2025-06-10T19:51:40+0300,False,Более 6 лет,https://hh.ru/vacancy/121533983,1570348,Полный день,Полная занятость,"BI-аналитик, аналитик данных"
124,121603052,Business / Data Analyst (Аналитик операционных данных),160,2025-06-12T10:39:24+0300,False,От 1 года до 3 лет,https://hh.ru/vacancy/121603052,5641524,Удаленная работа,Полная занятость,Бизнес-аналитик
125,120316460,Системный аналитик данных,1657,2025-06-26T15:02:15+0300,False,От 1 года до 3 лет,https://hh.ru/vacancy/120316460,1121474,Полный день,Полная занятость,Аналитик
126,121478088,Врач-аналитик медицинских баз данных (SQL-запросы),1,2025-06-27T14:49:57+0300,False,От 1 года до 3 лет,https://hh.ru/vacancy/121478088,596610,Полный день,Полная занятость,Врач
127,121520963,Аналитик данных,159,2025-06-10T14:09:50+0300,False,Нет опыта,https://hh.ru/vacancy/121520963,5251423,Полный день,Полная занятость,"BI-аналитик, аналитик данных"
128,121961029,Аналитик данных,2041,2025-06-23T15:07:19+0300,False,От 1 года до 3 лет,https://hh.ru/vacancy/121961029,55801,Полный день,Полная занятость,"BI-аналитик, аналитик данных"
129,120775452,Аналитик данных,53,2025-06-16T11:22:33+0300,False,От 1 года до 3 лет,https://hh.ru/vacancy/120775452,750521,Полный день,Полная занятость,"BI-аналитик, аналитик данных"
130,121371381,Аналитик данных,54,2025-06-25T04:41:06+0300,False,От 1 года до 3 лет,https://hh.ru/vacancy/121371381,1669799,Полный день,Полная занятость,"BI-аналитик, аналитик данных"
131,121391148,Аналитик данных,2053,2025-06-11T18:03:36+0300,False,Нет опыта,https://hh.ru/vacancy/121391148,11160795,Полный день,Полная занятость,"BI-аналитик, аналитик данных"
132,122015776,Аналитик данных ( в программе 1С),1647,2025-06-24T15:49:25+0300,False,От 1 года до 3 лет,https://hh.ru/vacancy/122015776,5745253,Полный день,Полная занятость,Аналитик
133,120063932,Аналитик данных,4,2025-06-17T11:37:25+0300,False,От 1 года до 3 лет,https://hh.ru/vacancy/120063932,3398823,Полный день,Полная занятость,"BI-аналитик, аналитик данных"
134,121760833,Аналитик данных (Marketplace) в Москве,1,2025-06-18T06:51:50+0300,False,От 1 года до 3 лет,https://hh.ru/vacancy/121760833,11675958,Полный день,Полная занятость,"BI-аналитик, аналитик данных"
135,121511224,Аналитик данных,1,2025-06-10T11:22:06+0300,False,От 1 года до 3 лет,https://hh.ru/vacancy/121511224,539897,Полный день,Полная занятость,"BI-аналитик, аналитик данных"
136,120804355,Аналитик базы данных / Аналитик отдела продаж,2020,2025-06-16T18:28:55+0300,False,От 1 года до 3 лет,https://hh.ru/vacancy/120804355,9135193,Полный день,Полная занятость,Аналитик
137,121479840,Аналитик данных,29,2025-06-09T15:56:31+0300,False,Нет опыта,https://hh.ru/vacancy/121479840,4573472,Полный день,Полная занятость,"BI-аналитик, аналитик данных"
138,121933603,Аналитик данных / экономист-аналитик,1002,2025-06-23T10:15:51+0300,False,От 1 года до 3 лет,https://hh.ru/vacancy/121933603,11189704,Полный день,Полная занятость,"BI-аналитик, аналитик данных"
139,120024736,Аналитик данных,2760,2025-06-19T13:20:57+0300,False,От 1 года до 3 лет,https://hh.ru/vacancy/120024736,10210362,Полный день,Полная занятость,Экономист
140,119929301,Аналитик данных в финансовый отдел,26,2025-06-23T17:39:05+0300,False,От 1 года до 3 лет,https://hh.ru/vacancy/119929301,2661787,Полный день,Полная занятость,"BI-аналитик, аналитик данных"
141,121454514,Аналитик данных (на Кипр),2758,2025-06-09T09:55:16+0300,False,От 1 года до 3 лет,https://hh.ru/vacancy/121454514,2066667,Полный день,Полная занятость,"BI-аналитик, аналитик данных"
142,121676288,"Методолог, аналитик данных (государственная информационная система)",1,2025-06-16T13:34:24+0300,False,От 1 года до 3 лет,https://hh.ru/vacancy/121676288,1321075,Полный день,Полная занятость,Другое
143,121788345,Middle Аналитик данных отдела риск-аналитики,1,2025-06-18T13:25:20+0300,False,От 3 до 6 лет,https://hh.ru/vacancy/121788345,2795070,Удаленная работа,Полная занятость,"BI-аналитик, аналитик данных"
144,121480196,Аналитик данных,107,2025-06-09T16:04:14+0300,False,От 1 года до 3 лет,https://hh.ru/vacancy/121480196,100424,Полный день,Полная занятость,"BI-аналитик, аналитик данных"
145,120797640,Главный специалист (аналитик данных),1,2025-06-16T17:38:06+0300,False,От 1 года до 3 лет,https://hh.ru/vacancy/120797640,3959394,Полный день,Полная занятость,"BI-аналитик, аналитик данных"
146,121526251,Аналитик данных IVR,1406,2025-06-10T15:45:41+0300,False,От 1 года до 3 лет,https://hh.ru/vacancy/121526251,10955618,Полный день,Полная занятость,"Финансовый аналитик, инвестиционный аналитик"
147,121466422,Аналитик данных,79,2025-06-09T12:32:17+0300,False,От 1 года до 3 лет,https://hh.ru/vacancy/121466422,6092234,Полный день,Полная занятость,"BI-аналитик, аналитик данных"
148,121800521,Специалист 1 категории (по аналитике данных) отдела эксплуатации и технической политики,99,2025-06-18T16:14:10+0300,False,От 1 года до 3 лет,https://hh.ru/vacancy/121800521,907345,Полный день,Полная занятость,Инженер по эксплуатации
149,119396113,Аналитик данных (Индия),1,2025-06-18T09:12:54+0300,False,От 3 до 6 лет,https://hh.ru/vacancy/119396113,180028,Полный день,Полная занятость,"BI-аналитик, аналитик данных"
150,121605441,Аналитик данных,2759,2025-06-12T13:36:48+0300,False,От 1 года до 3 лет,https://hh.ru/vacancy/121605441,11212984,Полный день,Полная занятость,"BI-аналитик, аналитик данных"
151,121456107,Аналитик данных / разработчик SQL,1,2025-06-09T10:15:41+0300,False,От 1 года до 3 лет,https://hh.ru/vacancy/121456107,1230328,Полный день,Полная занятость,"BI-аналитик, аналитик данных"
152,119525739,Аналитик данных (BI),1,2025-06-10T08:45:39+0300,False,От 3 до 6 лет,https://hh.ru/vacancy/119525739,54267,Полный день,Полная занятость,"BI-аналитик, аналитик данных"
153,121495587,Оператор / Аналитик базы данных Smart Up,2759,2025-06-10T07:53:09+0300,False,От 1 года до 3 лет,https://hh.ru/vacancy/121495587,2680027,Полный день,Полная занятость,Аналитик
154,122528622,Младший аналитик данных,1,2025-07-08T13:40:52+0300,False,Нет опыта,https://hh.ru/vacancy/122528622,5995606,Удаленная работа,Полная занятость,"BI-аналитик, аналитик данных"
155,121794298,Аналитик данных e-commerce,1,2025-07-06T14:47:42+0300,False,От 1 года до 3 лет,https://hh.ru/vacancy/121794298,3957265,Удаленная работа,Полная занятость,"BI-аналитик, аналитик данных"
156,121850742,Аналитик данных,1,2025-07-07T16:30:52+0300,False,Нет опыта,https://hh.ru/vacancy/121850742,1391819,Удаленная работа,Полная занятость,"BI-аналитик, аналитик данных"
157,122454655,Аналитик данных,1,2025-07-07T09:51:30+0300,False,От 1 года до 3 лет,https://hh.ru/vacancy/122454655,1433,Полный день,Полная занятость,Аналитик
158,121850363,Аналитик данных,1,2025-07-07T16:23:51+0300,False,Нет опыта,https://hh.ru/vacancy/121850363,1272817,Полный день,Полная занятость,Бизнес-аналитик
159,121454531,Аналитик данных,1641,2025-07-06T09:55:36+0300,False,От 1 года до 3 лет,https://hh.ru/vacancy/121454531,9080824,Удаленная работа,Полная занятость,"BI-аналитик, аналитик данных"
160,121593599,"Revenue Manager (Аналитик данных, маркетолог) апартаментов",88,2025-07-08T18:18:10+0300,False,Нет опыта,https://hh.ru/vacancy/121593599,11402428,Удаленная работа,Полная занятость,Маркетолог-аналитик
161,120824631,Аналитик данных,1,2025-07-08T10:42:42+0300,False,От 1 года до 3 лет,https://hh.ru/vacancy/120824631,58320,Полный день,Полная занятость,"BI-аналитик, аналитик данных"
162,121755354,Аналитик данных,1,2025-07-04T18:23:48+0300,False,От 1 года до 3 лет,https://hh.ru/vacancy/121755354,3828176,Удаленная работа,Полная занятость,"BI-аналитик, аналитик данных"
163,122362681,Аналитик данных,1,2025-07-03T16:07:04+0300,False,От 1 года до 3 лет,https://hh.ru/vacancy/122362681,4181195,Полный день,Полная занятость,"BI-аналитик, аналитик данных"
164,122004958,BI-аналитик/Бизнес/Системный/Аналитик данных,1,2025-07-06T13:14:33+0300,False,От 3 до 6 лет,https://hh.ru/vacancy/122004958,608872,Удаленная работа,Полная занятость,Бизнес-аналитик
165,122238909,Аналитик баз данных,1,2025-07-01T10:16:55+0300,False,От 3 до 6 лет,https://hh.ru/vacancy/122238909,3054781,Удаленная работа,Полная занятость,"BI-аналитик, аналитик данных"
166,122059039,Младший аналитик данных,1,2025-06-25T14:52:10+0300,False,Нет опыта,https://hh.ru/vacancy/122059039,3634522,Полный день,Полная занятость,"BI-аналитик, аналитик данных"
167,122019120,Аналитик данных,1,2025-06-24T16:45:08+0300,False,От 1 года до 3 лет,https://hh.ru/vacancy/122019120,834226,Полный день,Полная занятость,Аналитик
168,121894494,Аналитик данных,1,2025-06-20T15:35:45+0300,False,От 1 года до 3 лет,https://hh.ru/vacancy/121894494,10901778,Удаленная работа,Полная занятость,"BI-аналитик, аналитик данных"
169,121957124,Аналитик данных (отдел продаж travel-платформы),53,2025-06-23T14:13:11+0300,False,От 1 года до 3 лет,https://hh.ru/vacancy/121957124,2420094,Удаленная работа,Частичная занятость,"BI-аналитик, аналитик данных"
170,121987593,Аналитик данных,160,2025-06-27T08:14:32+0300,False,От 1 года до 3 лет,https://hh.ru/vacancy/121987593,4643466,Полный день,Полная занятость,"BI-аналитик, аналитик данных"
171,121958904,Аналитик данных / Актуарий,1,2025-06-23T14:37:21+0300,False,От 1 года до 3 лет,https://hh.ru/vacancy/121958904,4137076,Удаленная работа,Полная занятость,Аналитик
172,121825765,Ведущий специалист (направление аналитика данных),1,2025-06-19T10:34:49+0300,False,От 1 года до 3 лет,https://hh.ru/vacancy/121825765,1423407,Полный день,Полная занятость,Аналитик
173,122015608,Data Analyst/Аналитик данных (iGaming),2758,2025-06-24T15:46:55+0300,False,От 3 до 6 лет,https://hh.ru/vacancy/122015608,9324495,Удаленная работа,Полная занятость,"BI-аналитик, аналитик данных"
174,121902958,Аналитик данных / Системный аналитик,1,2025-06-20T20:46:42+0300,False,От 1 года до 3 лет,https://hh.ru/vacancy/121902958,12092501,Удаленная работа,Полная занятость,Системный аналитик
175,121662329,Аналитик баз данных,3,2025-06-16T11:07:45+0300,False,От 3 до 6 лет,https://hh.ru/vacancy/121662329,10540780,Удаленная работа,Полная занятость,"BI-аналитик, аналитик данных"
176,121767364,Аналитик маркетинговых данных,2759,2025-06-18T09:02:08+0300,False,Нет опыта,https://hh.ru/vacancy/121767364,11806993,Полный день,Полная занятость,"BI-аналитик, аналитик данных"
177,121482137,"Аналитик данных (Data Analyst, Big Data)",1,2025-06-09T16:38:11+0300,False,От 1 года до 3 лет,https://hh.ru/vacancy/121482137,2580687,Полный день,Полная занятость,"BI-аналитик, аналитик данных"
178,120532152,Senior Data Analyst (аналитик данных),1,2025-06-11T15:13:50+0300,False,От 3 до 6 лет,https://hh.ru/vacancy/120532152,1513535,Удаленная работа,Полная занятость,"BI-аналитик, аналитик данных"
179,122232817,Аналитик данных,2,2025-07-01T08:56:49+0300,False,От 1 года до 3 лет,https://hh.ru/vacancy/122232817,37251,Полный день,Полная занятость,Аналитик
180,122313762,Аналитик данных Optimacros,1,2025-07-02T15:19:14+0300,False,От 3 до 6 лет,https://hh.ru/vacancy/122313762,10217789,Удаленная работа,Полная занятость,"BI-аналитик, аналитик данных"
181,120590833,Аналитик данных BI,2,2025-06-30T09:30:57+0300,False,От 1 года до 3 лет,https://hh.ru/vacancy/120590833,2543775,Удаленная работа,Полная занятость,"BI-аналитик, аналитик данных"
182,121942133,Аналитик данных,1,2025-06-23T11:58:56+0300,False,От 1 года до 3 лет,https://hh.ru/vacancy/121942133,4394,Удаленная работа,Полная занятость,"BI-аналитик, аналитик данных"
183,121943475,Аналитик данных,90,2025-06-23T12:13:10+0300,False,Нет опыта,https://hh.ru/vacancy/121943475,12070270,Удаленная работа,Полная занятость,"BI-аналитик, аналитик данных"
184,121943477,Аналитик данных,47,2025-06-23T12:13:10+0300,False,Нет опыта,https://hh.ru/vacancy/121943477,12070270,Удаленная работа,Полная занятость,"BI-аналитик, аналитик данных"
185,122019227,Аналитик данных,53,2025-06-24T16:47:23+0300,False,От 1 года до 3 лет,https://hh.ru/vacancy/122019227,40493,Полный день,Полная занятость,Аналитик
186,121943476,Аналитик данных,11,2025-06-23T12:13:10+0300,False,Нет опыта,https://hh.ru/vacancy/121943476,12070270,Удаленная работа,Полная занятость,"BI-аналитик, аналитик данных"
187,121232197,Аналитик данных,72,2025-06-23T17:13:32+0300,False,От 1 года до 3 лет,https://hh.ru/vacancy/121232197,6067045,Удаленная работа,Полная занятость,"BI-аналитик, аналитик данных"
188,121839372,Аналитик данных,54,2025-06-19T13:35:32+0300,False,Нет опыта,https://hh.ru/vacancy/121839372,12070270,Удаленная работа,Полная занятость,"BI-аналитик, аналитик данных"
189,121971366,Аналитик данных (сфера общественного питания и готовой еды),53,2025-06-23T17:39:16+0300,False,От 1 года до 3 лет,https://hh.ru/vacancy/121971366,889395,Удаленная работа,Проектная работа,"BI-аналитик, аналитик данных"
190,121821339,Аналитик данных (анализ и прогнозирование продаж),1,2025-06-19T09:43:07+0300,False,От 3 до 6 лет,https://hh.ru/vacancy/121821339,5578112,Удаленная работа,Полная занятость,"BI-аналитик, аналитик данных"
191,120065260,Аналитик данных,1,2025-06-27T10:50:21+0300,False,От 1 года до 3 лет,https://hh.ru/vacancy/120065260,124,Полный день,Полная занятость,"BI-аналитик, аналитик данных"
192,121928488,Аналитик данных/Data Analyst/BI-аналитик,1,2025-06-23T09:22:39+0300,False,От 1 года до 3 лет,https://hh.ru/vacancy/121928488,1303772,Полный день,Полная занятость,"BI-аналитик, аналитик данных"
193,121805671,Аналитик данных,2,2025-06-18T17:57:58+0300,False,От 1 года до 3 лет,https://hh.ru/vacancy/121805671,4802884,Удаленная работа,Полная занятость,Дата-сайентист
194,121522794,Стажер - аналитик данных,1,2025-06-10T14:45:52+0300,False,Нет опыта,https://hh.ru/vacancy/121522794,89,Полный день,Полная занятость,"BI-аналитик, аналитик данных"
195,122143213,Аналитик данных,1,2025-06-27T12:59:10+0300,False,Более 6 лет,https://hh.ru/vacancy/122143213,10586807,Полный день,Полная занятость,Системный аналитик
196,121671298,Аналитик данных (начинающий специалист),1,2025-06-16T12:37:21+0300,False,От 1 года до 3 лет,https://hh.ru/vacancy/121671298,11580,Полный день,Полная занятость,"BI-аналитик, аналитик данных"
197,121515049,Аналитик данных,1,2025-06-10T12:20:39+0300,False,От 1 года до 3 лет,https://hh.ru/vacancy/121515049,9450062,Полный день,Полная занятость,"BI-аналитик, аналитик данных"
198,122013894,Аналитик данных,1,2025-06-24T15:20:29+0300,False,От 1 года до 3 лет,https://hh.ru/vacancy/122013894,11920587,Удаленная работа,Полная занятость,"BI-аналитик, аналитик данных"
199,121825240,Junior Data Analyst/Аналитик данных,68,2025-06-19T10:28:44+0300,False,Нет опыта,https://hh.ru/vacancy/121825240,11977956,Удаленная работа,Полная занятость,"BI-аналитик, аналитик данных"
